<?xml version="1.0" encoding="UTF-8"?>
<Factura>
  <Empresa>Mi Empresa S.A. de C.V.</Empresa>
  <Cliente>
    <Nombre>asdf asf</Nombre>
    <Apellido>asf</Apellido>
    <Correo>gretax25@gmail.com</Correo>
    <Numero>12341244</Numero>
    <Direccion>adf</Direccion>
  </Cliente>
  <Articulos>
    <Articulo>
      <Nombre>ROG Xbox Ally | 1T</Nombre>
      <Precio>649.99</Precio>
      <Cantidad>1</Cantidad>
      <Subtotal>649.99</Subtotal>
    </Articulo>
  </Articulos>
  <Total>695.4893</Total>
</Factura>
