<?xml version="1.0" encoding="UTF-8"?>
<Factura>
  <Empresa>Mi Empresa S.A. de C.V.</Empresa>
  <Cliente>
    <Nombre>asdf asf</Nombre>
    <Apellido>asf</Apellido>
    <Correo>gretax25@gmail.com</Correo>
    <Numero>12341244</Numero>
    <Direccion>adf</Direccion>
  </Cliente>
  <Articulos>
    <Articulo>
      <Nombre>ASUS ROG Strix B650</Nombre>
      <Precio>229.99</Precio>
      <Cantidad>1</Cantidad>
      <Subtotal>229.99</Subtotal>
    </Articulo>
    <Articulo>
      <Nombre>NVIDIA RTX 4070</Nombre>
      <Precio>599.99</Precio>
      <Cantidad>1</Cantidad>
      <Subtotal>599.99</Subtotal>
    </Articulo>
    <Articulo>
      <Nombre>EVGA 750W Gold PSU</Nombre>
      <Precio>149.99</Precio>
      <Cantidad>1</Cantidad>
      <Subtotal>149.99</Subtotal>
    </Articulo>
  </Articulos>
  <Total>1048.5679</Total>
</Factura>
